{
    "rouge1_precision": 0.5945945945945946,
    "rouge1_recall": 0.19130434782608696,
    "rouge1_fmeasure": 0.2894736842105263
}
